Gene,ensembl
TRIM58,ENSG00000162722
TRPA1,ENSG00000104321
LAMA1,ENSG00000101680
LOXL1-AS1,ENSG00000261801
WNT7A,ENSG00000154764
TROAP,ENSG00000135451
TG,ENSG00000042832
GALNT14,ENSG00000158089
MARVELD3,ENSG00000140832
FAIM2,ENSG00000135472
ETV4,ENSG00000175832
XBP1,ENSG00000100219
VCX3A,ENSG00000169059
LAPTM4B,ENSG00000104341
CCL4,ENSG00000275302
ITGB1,ENSG00000150093
SLC3A2,ENSG00000168003
OTUD7B,ENSG00000264522
ALKBH5,ENSG00000091542
RFC3,ENSG00000133119
CTSE,ENSG00000196188
MRC1,ENSG00000260314
PKP3,ENSG00000184363
PIK3R3,ENSG00000117461
CAPS,ENSG00000105519
MIR29A,ENSG00000284032
METTL3,ENSG00000165819
LAYN,ENSG00000204381
ETS2,ENSG00000157557
FAM83A-AS1,ENSG00000204949
AICDA,ENSG00000111732
MAP3K2,ENSG00000169967
MIR30E,ENSG00000198974
PRTN3,ENSG00000196415
CNR1,ENSG00000118432
CAVIN3,ENSG00000170955
INSL4,ENSG00000120211
ATAD3B,ENSG00000160072
NEDD8,ENSG00000129559
LPAR1,ENSG00000198121
SMARCD1,ENSG00000066117
ETS1,ENSG00000134954
CEP55,ENSG00000138180
WRN,ENSG00000165392
MIR410,ENSG00000199092
ASXL3,ENSG00000141431
CLDN5,ENSG00000184113
AGT,ENSG00000135744
OLA1,ENSG00000138430
TNFRSF17,ENSG00000048462
MIR370,ENSG00000199005
TERF2IP,ENSG00000166848
RDM1,ENSG00000278023
EMILIN2,ENSG00000132205
SUV39H2,ENSG00000152455
CEBPB,ENSG00000172216
WWC1,ENSG00000113645
MIR4746,ENSG00000266437
LINC00319,ENSG00000188660
IL7R,ENSG00000168685
MIR27A,ENSG00000207808
TUG1,ENSG00000253352
MIR378A,ENSG00000199047
GOT1,ENSG00000120053
UTS2,ENSG00000049247
EIF3A,ENSG00000107581
ITGA6,ENSG00000091409
AZGP1,ENSG00000160862
ARRB2,ENSG00000141480
SLURP1,ENSG00000126233
YWHAE,ENSG00000108953
KPNB1,ENSG00000108424
PTRH2,ENSG00000141378
KIF4A,ENSG00000090889
PCNA,ENSG00000132646
HEATR6,ENSG00000068097
POU3F2,ENSG00000184486
ZHX2,ENSG00000178764
NOX1,ENSG00000007952
RMC1,ENSG00000141452
RNF43,ENSG00000108375
EIF4G2,ENSG00000110321
TMEM106B,ENSG00000106460
UGT8,ENSG00000174607
PFN1,ENSG00000108518
DDIT4,ENSG00000168209
LINC02605,ENSG00000261618
THAP7,ENSG00000184436
NOX4,ENSG00000086991
FST,ENSG00000134363
MIR373,ENSG00000199143
B4GALT1,ENSG00000086062
PACC1,ENSG00000065600
AKT1S1,ENSG00000204673
CCR6,ENSG00000112486
ANTXR2,ENSG00000163297
MRTFB,ENSG00000186260
SIX1,ENSG00000126778
SFTPD,ENSG00000133661
NTS,ENSG00000133636
CD28,ENSG00000178562
MAPKAPK5-AS1,ENSG00000234608
GOPC,ENSG00000047932
NAPRT,ENSG00000147813
NECTIN3,ENSG00000177707
SLC5A8,ENSG00000256870
MIR485,ENSG00000208027
MTBP,ENSG00000172167
BRD7,ENSG00000166164
FOXO1,ENSG00000150907
NBN,ENSG00000104320
BDKRB1,ENSG00000100739
VWF,ENSG00000110799
GINS4,ENSG00000147536
MAFG-DT,ENSG00000265688
TFAP2C,ENSG00000087510
ALDH1A3,ENSG00000184254
WNT5B,ENSG00000111186
RIPK3,ENSG00000129465
USP18,ENSG00000184979
ZYG11A,ENSG00000203995
CDK6,ENSG00000105810
DIAPH3,ENSG00000139734
SRSF2,ENSG00000161547
MIR200C,ENSG00000207713
SPOCK1,ENSG00000152377
TNFRSF1A,ENSG00000067182
IQSEC1,ENSG00000144711
SNHG1,ENSG00000255717
DROSHA,ENSG00000113360
SNHG3,ENSG00000242125
ANAPC11,ENSG00000141552
CD247,ENSG00000198821
GADD45A,ENSG00000116717
BPI,ENSG00000101425
SLC5A7,ENSG00000115665
TEAD4,ENSG00000197905
MARCHF9,ENSG00000139266
INF2,ENSG00000203485
AK2,ENSG00000004455
TNFRSF10B,ENSG00000120889
TRIM11,ENSG00000154370
CD9,ENSG00000010278
MCAT,ENSG00000100294
NSUN3,ENSG00000178694
GLS,ENSG00000115419
MYD88,ENSG00000172936
MIR191,ENSG00000207605
CST6,ENSG00000175315
TNMD,ENSG00000000005
TFDP2,ENSG00000114126
TNIP2,ENSG00000168884
VSIR,ENSG00000107738
MIR361,ENSG00000199051
FHL1,ENSG00000022267
NR3C1,ENSG00000113580
LANCL1,ENSG00000115365
ICOS,ENSG00000163600
VSIG4,ENSG00000155659
CCRL2,ENSG00000121797
MRPL41,ENSG00000182154
USP10,ENSG00000103194
TRIP10,ENSG00000125733
PDC,ENSG00000116703
CHUK,ENSG00000213341
PPIA,ENSG00000196262
CDH23,ENSG00000107736
SIM1,ENSG00000112246
ECRG4,ENSG00000119147
BMX,ENSG00000102010
MIR148A,ENSG00000199085
IMMT,ENSG00000132305
PKNOX1,ENSG00000160199
LEPR,ENSG00000116678
IGFBP4,ENSG00000141753
ETV5,ENSG00000244405
IDH3A,ENSG00000166411
SOX10,ENSG00000100146
SPANXA2,ENSG00000203926
PLAGL2,ENSG00000126003
MIR1236,ENSG00000284446
IRX5,ENSG00000176842
SGTA,ENSG00000104969
EIF5AL1,ENSG00000253626
RUNX2,ENSG00000124813
DDX59,ENSG00000118197
SRCIN1,ENSG00000277363
DEPTOR,ENSG00000155792
HBE1,ENSG00000213931
CCL4L2,ENSG00000276070
MYBL2,ENSG00000101057
REXO2,ENSG00000076043
HOTAIRM1,ENSG00000233429
LAD1,ENSG00000159166
APAF1,ENSG00000120868
FAM111B,ENSG00000189057
EPHA4,ENSG00000116106
APLN,ENSG00000171388
CCR4,ENSG00000183813
MED1,ENSG00000125686
ATG5,ENSG00000057663
RPL17,ENSG00000265681
TAOK2,ENSG00000149930
FUT1,ENSG00000174951
AURKB,ENSG00000178999
MAPK9,ENSG00000050748
CXCL12,ENSG00000107562
CDC7,ENSG00000097046
HOXC10,ENSG00000180818
LRP12,ENSG00000147650
HSPD1,ENSG00000144381
FLNA,ENSG00000196924
SNORD14B,ENSG00000201403
ARMH1,ENSG00000198520
RREB1,ENSG00000124782
ARL14,ENSG00000179674
NLRP1,ENSG00000091592
ANXA6,ENSG00000197043
LINC01614,ENSG00000230838
IL2RA,ENSG00000134460
EIF4EBP1,ENSG00000187840
BMP4,ENSG00000125378
CEP72,ENSG00000112877
PODXL,ENSG00000128567
VAMP2,ENSG00000220205
TFF3,ENSG00000160180
TCF21,ENSG00000118526
NES,ENSG00000132688
GLRX,ENSG00000173221
SOAT2,ENSG00000167780
ATG16L2,ENSG00000168010
CCT4,ENSG00000115484
MICA,ENSG00000204520
MIR576,ENSG00000207988
TCF4,ENSG00000196628
COL1A1,ENSG00000108821
GALNT6,ENSG00000139629
ADRA2B,ENSG00000274286
PRDM16-DT,ENSG00000177133
NOS2,ENSG00000007171
DDAH1,ENSG00000153904
FLT3,ENSG00000122025
CDK5R1,ENSG00000176749
GHR,ENSG00000112964
FAM83B,ENSG00000168143
ADGRG1,ENSG00000205336
FRZB,ENSG00000162998
PKD2,ENSG00000118762
KIAA1217,ENSG00000120549
PIAS1,ENSG00000033800
ARID1A,ENSG00000117713
FGL1,ENSG00000104760
UBASH3B,ENSG00000154127
DHX15,ENSG00000109606
ADH1C,ENSG00000248144
RHOJ,ENSG00000126785
RAB3GAP1,ENSG00000115839
LIFR,ENSG00000113594
MIR155HG,ENSG00000234883
REG4,ENSG00000134193
AGTR1,ENSG00000144891
PIN1,ENSG00000127445
S100A7A,ENSG00000184330
TRIP13,ENSG00000071539
MIR497,ENSG00000284027
RGMB-AS1,ENSG00000246763
MIIP,ENSG00000116691
AREG,ENSG00000109321
IL17D,ENSG00000172458
TM4SF4,ENSG00000169903
ACAT2,ENSG00000120437
OLFM4,ENSG00000102837
E2F7,ENSG00000165891
IFNAR1,ENSG00000142166
CCAR2,ENSG00000158941
NCAM1,ENSG00000149294
LYPD5,ENSG00000159871
SH3PXD2A,ENSG00000107957
SIPA1L3,ENSG00000105738
CASC2,ENSG00000177640
TSG101,ENSG00000074319
HIF1AN,ENSG00000166135
SNORD14E,ENSG00000200879
MIR223,ENSG00000284567
RMRP,ENSG00000269900
GKN1,ENSG00000169605
EDNRB,ENSG00000136160
PTPRC,ENSG00000081237
MIR130A,ENSG00000208009
ESPL1,ENSG00000135476
VCX,ENSG00000182583
UFL1,ENSG00000014123
EEF2K,ENSG00000103319
MIR149,ENSG00000207611
MTDH,ENSG00000147649
ADRB1,ENSG00000043591
MT1G,ENSG00000125144
ATMIN,ENSG00000166454
HIC1,ENSG00000177374
CDCA7,ENSG00000144354
RPS6,ENSG00000137154
CCDC66,ENSG00000180376
DLL3,ENSG00000090932
COL11A1,ENSG00000060718
CXCL10,ENSG00000169245
CAMK1D,ENSG00000183049
ACP5,ENSG00000102575
MYH14,ENSG00000105357
SIK1,ENSG00000142178
CDK5,ENSG00000164885
PEBP1,ENSG00000089220
MIR20A,ENSG00000283762
CTTN,ENSG00000085733
GCC2,ENSG00000135968
ADRA1A,ENSG00000120907
BCL11A,ENSG00000119866
PPP2CA,ENSG00000113575
TRIM59,ENSG00000213186
OCIAD2,ENSG00000145247
MYOD1,ENSG00000129152
GPHN,ENSG00000171723
CA9,ENSG00000107159
MOCS2,ENSG00000164172
FSD1L,ENSG00000106701
TRAF3IP3,ENSG00000009790
CCL18,ENSG00000275385
PRDX1,ENSG00000117450
NELL2,ENSG00000184613
EDN3,ENSG00000124205
OTX2,ENSG00000165588
CAST,ENSG00000153113
LHX3,ENSG00000107187
FAM53B,ENSG00000189319
HLA-DQB1,ENSG00000179344
MUL1,ENSG00000090432
SNORA41,ENSG00000207406
MIR139,ENSG00000272036
EIF5,ENSG00000100664
ADSS1,ENSG00000185100
PRSS3,ENSG00000010438
SERPINE1,ENSG00000106366
BEX1,ENSG00000133169
KCNK3,ENSG00000171303
CLDN6,ENSG00000184697
WWP2,ENSG00000198373
FCER1G,ENSG00000158869
ABHD11,ENSG00000106077
STIP1,ENSG00000168439
PLB1,ENSG00000163803
SIAH2,ENSG00000181788
GSTP1,ENSG00000084207
KCNK15,ENSG00000124249
PLOD2,ENSG00000152952
SH3BGRL3,ENSG00000142669
SASS6,ENSG00000156876
PLAC8,ENSG00000145287
FA2H,ENSG00000103089
LILRB1,ENSG00000104972
SPZ1,ENSG00000164299
TWF1,ENSG00000151239
MIR767,ENSG00000211583
ZNF629,ENSG00000102870
RICTOR,ENSG00000164327
RUVBL1,ENSG00000175792
MIR496,ENSG00000207961
FOSB,ENSG00000125740
HHLA2,ENSG00000114455
OIP5,ENSG00000104147
AMY1B,ENSG00000174876
IL33,ENSG00000137033
EDAR,ENSG00000135960
ZMIZ2,ENSG00000122515
UTP25,ENSG00000117597
SND1,ENSG00000197157
DYRK2,ENSG00000127334
GABRA3,ENSG00000011677
KIF15,ENSG00000163808
GPX4,ENSG00000167468
SELENOP,ENSG00000250722
DCK,ENSG00000156136
MIR409,ENSG00000199107
HDAC6,ENSG00000094631
MMP7,ENSG00000137673
HSPA1B,ENSG00000204388
MMP13,ENSG00000137745
CLEC10A,ENSG00000132514
EBNA1BP2,ENSG00000117395
IFNA2,ENSG00000188379
LPA,ENSG00000198670
NFIL3,ENSG00000165030
SUPT7L,ENSG00000119760
SLC44A1,ENSG00000070214
TRIM15,ENSG00000204610
MIR95,ENSG00000207807
MAP4,ENSG00000047849
MAD2L1,ENSG00000164109
CXADRP1,ENSG00000214319
MIR449A,ENSG00000198983
DPP4,ENSG00000197635
ND5,ENSG00000198786
STC1,ENSG00000159167
LINC01852,ENSG00000236914
PRPF19,ENSG00000110107
ZNF763,ENSG00000197054
MTO1,ENSG00000135297
ITPKA,ENSG00000137825
GLIPR1,ENSG00000139278
PCAT6,ENSG00000228288
CRISP2,ENSG00000124490
E2F4,ENSG00000205250
SMYD3,ENSG00000185420
MIR6839,ENSG00000275667
APPBP2,ENSG00000062725
MIR320A,ENSG00000208037
KLF10,ENSG00000155090
AKR1C2,ENSG00000151632
TMC5,ENSG00000103534
BATF2,ENSG00000168062
SKI,ENSG00000157933
CRMP1,ENSG00000072832
LAT,ENSG00000213658
RUFY3,ENSG00000018189
LXN,ENSG00000079257
SPRR1B,ENSG00000169469
WDR3,ENSG00000065183
INSYN2B,ENSG00000204767
DEPDC1,ENSG00000024526
ATP5F1D,ENSG00000099624
FAR2P1,ENSG00000180178
SLC16A3,ENSG00000141526
PIM1,ENSG00000137193
GSTM2,ENSG00000213366
CCAT2,ENSG00000280997
SNORD15A,ENSG00000206941
CCDC8,ENSG00000169515
BDKRB2,ENSG00000168398
ARMC8,ENSG00000114098
FOS,ENSG00000170345
CAT,ENSG00000121691
ATXN1,ENSG00000124788
BAG1,ENSG00000107262
CEBPA,ENSG00000245848
GPR180,ENSG00000152749
CCL21,ENSG00000137077
NCOR2,ENSG00000196498
MIR217,ENSG00000207548
CASTOR1,ENSG00000239282
NKX2-1-AS1,ENSG00000253563
VASH1,ENSG00000071246
PLEK2,ENSG00000100558
THBS2,ENSG00000186340
TBX5,ENSG00000089225
SIX2,ENSG00000170577
ARHGEF7,ENSG00000102606
SPRY4,ENSG00000187678
KNG1,ENSG00000113889
EGLN2,ENSG00000269858
RPS6KB1,ENSG00000108443
MIR29B2CHG,ENSG00000203709
DRG1,ENSG00000185721
HIP1,ENSG00000127946
PPM1D,ENSG00000170836
GEM,ENSG00000164949
ZNF569,ENSG00000196437
DOCK4,ENSG00000128512
GLB1,ENSG00000170266
PAM,ENSG00000145730
MIR1286,ENSG00000221039
CDC25A,ENSG00000164045
TUSC7,ENSG00000243197
MMRN1,ENSG00000138722
RTN4R,ENSG00000040608
POU2F2,ENSG00000028277
MIR154,ENSG00000207978
LPAR2,ENSG00000064547
MIR379,ENSG00000199088
COL10A1,ENSG00000123500
PEBP4,ENSG00000134020
CFH,ENSG00000000971
BRMS1L,ENSG00000100916
MIR216A,ENSG00000207798
UCN2,ENSG00000145040
ISG20,ENSG00000172183
TP53BP1,ENSG00000067369
MIR15B,ENSG00000207779
KCNQ1,ENSG00000053918
EFNB2,ENSG00000125266
ACIN1,ENSG00000100813
TRAT1,ENSG00000163519
CYP3A4,ENSG00000160868
DSG3,ENSG00000134757
SLC5A2,ENSG00000140675
ND6,ENSG00000198695
YWHAB,ENSG00000166913
SLIT3,ENSG00000184347
ABCC11,ENSG00000121270
WDR62,ENSG00000075702
MIR506,ENSG00000207731
SCD,ENSG00000099194
ACTA2,ENSG00000107796
NCOR1,ENSG00000141027
MFF,ENSG00000168958
MIR216B,ENSG00000211520
RAB5A,ENSG00000144566
ATOH8,ENSG00000168874
RBL2,ENSG00000103479
G6PD,ENSG00000160211
LINC00466,ENSG00000224209
GDE1,ENSG00000006007
MORF4L2,ENSG00000123562
LCK,ENSG00000182866
IGBP1,ENSG00000089289
LINC00324,ENSG00000178977
SERINC2,ENSG00000168528
ARIH1,ENSG00000166233
LRRK2,ENSG00000188906
TBX21,ENSG00000073861
PDE4D,ENSG00000113448
OIP5-AS1,ENSG00000247556
MYCBP,ENSG00000214114
DICER1,ENSG00000100697
DTL,ENSG00000143476
PTPRT,ENSG00000196090
PAEP,ENSG00000122133
MAP2K3,ENSG00000034152
BRS3,ENSG00000102239
MIR873,ENSG00000215939
PRR13,ENSG00000205352
SULF1,ENSG00000137573
SERPINB2,ENSG00000197632
CCL20,ENSG00000115009
KIF13A,ENSG00000137177
LINC01354,ENSG00000231768
MIR589,ENSG00000207973
CEACAM21,ENSG00000007129
MIR365A,ENSG00000199130
RPS6KA1,ENSG00000117676
ARID1B,ENSG00000049618
MDK,ENSG00000110492
MIR5587,ENSG00000266124
IL4,ENSG00000113520
ZNF436,ENSG00000125945
ABCA3,ENSG00000167972
KIF14,ENSG00000118193
SOD2-OT1,ENSG00000285427
OCA2,ENSG00000104044
S1PR3,ENSG00000213694
CFI,ENSG00000205403
OPCML,ENSG00000183715
ROBO1,ENSG00000169855
RPL19,ENSG00000108298
DMBX1,ENSG00000197587
SLC2A5,ENSG00000142583
CA12,ENSG00000074410
ADAM12,ENSG00000148848
MIR483,ENSG00000207805
DANCR,ENSG00000226950
BCL2L2,ENSG00000129473
CPOX,ENSG00000080819
CUL3,ENSG00000036257
CFL1,ENSG00000172757
PLPP4,ENSG00000203805
MIR620,ENSG00000207967
RCVRN,ENSG00000109047
MALT1,ENSG00000172175
LIPH,ENSG00000163898
IFIT2,ENSG00000119922
MIR584,ENSG00000207714
ZCCHC10,ENSG00000155329
SEMA5A,ENSG00000112902
MIR20B,ENSG00000284043
CRIM1,ENSG00000150938
DNMT3B,ENSG00000088305
MIR197,ENSG00000284443
PDCD2,ENSG00000071994
MIR622,ENSG00000283783
UGT1A3,ENSG00000288702
CXCR6,ENSG00000172215
PFKFB3,ENSG00000170525
MMP1,ENSG00000196611
MDM4,ENSG00000198625
RECK,ENSG00000122707
MUC5B-AS1,ENSG00000255177
MIR938,ENSG00000216035
H3P28,ENSG00000220347
P2RY12,ENSG00000169313
INSR,ENSG00000171105
NNAT,ENSG00000053438
LINC01270,ENSG00000203999
ZCCHC8,ENSG00000033030
CKAP2L,ENSG00000169607
CFLAR,ENSG00000003402
XPA,ENSG00000136936
ATG3,ENSG00000144848
MIR25,ENSG00000207547
CENPE,ENSG00000138778
FBXW11,ENSG00000072803
LPL,ENSG00000175445
FGF22,ENSG00000070388
PRSS55,ENSG00000184647
ZNF512,ENSG00000243943
RAP1A,ENSG00000116473
RRAD,ENSG00000166592
EIF3F,ENSG00000175390
COL5A1,ENSG00000130635
TRIM13,ENSG00000204977
POLQ,ENSG00000051341
XAF1,ENSG00000132530
TRIM25,ENSG00000121060
SLC52A1,ENSG00000132517
NSD1,ENSG00000165671
ABCA1,ENSG00000165029
BPY2B,ENSG00000183795
HOXB13,ENSG00000159184
FENDRR,ENSG00000268388
ITGA11,ENSG00000137809
WT1,ENSG00000184937
NUP58,ENSG00000139496
COL3A1,ENSG00000168542
MIR127,ENSG00000207608
TP53I3,ENSG00000115129
MCTS1,ENSG00000232119
LSAMP,ENSG00000185565
PKP2,ENSG00000057294
DLC1,ENSG00000164741
SLC2A3,ENSG00000059804
MIR519D,ENSG00000207981
ATF4,ENSG00000128272
MIAT,ENSG00000225783
PVR,ENSG00000073008
FOXC1,ENSG00000054598
HNRNPK,ENSG00000165119
MIR122,ENSG00000284440
CDKN2A-DT,ENSG00000224854
MIR383,ENSG00000199127
NMI,ENSG00000123609
TSHZ1,ENSG00000179981
DGKA,ENSG00000065357
LOXL1,ENSG00000129038
VCP,ENSG00000165280
SLC7A5,ENSG00000103257
TNFRSF6B,ENSG00000243509
MIR503,ENSG00000208005
FANCC,ENSG00000158169
RBBP8,ENSG00000101773
LINC00607,ENSG00000235770
HTATIP2,ENSG00000109854
FNDC3B,ENSG00000075420
KIDINS220,ENSG00000134313
SAMD14,ENSG00000167100
SLN,ENSG00000170290
MYLK2,ENSG00000101306
LINC02167,ENSG00000261122
TIGAR,ENSG00000078237
SCO2,ENSG00000284194
JUND,ENSG00000130522
CNTFR,ENSG00000122756
MIR605,ENSG00000207813
PSMD7,ENSG00000103035
SERPINB4,ENSG00000206073
MIR148B,ENSG00000199122
UBE2S,ENSG00000108106
TOP3A,ENSG00000177302
KIF2C,ENSG00000142945
HOXA10-AS,ENSG00000253187
DLD,ENSG00000091140
IL22,ENSG00000127318
NCBP1,ENSG00000136937
CYLD,ENSG00000083799
SOX21-AS1,ENSG00000227640
CALU,ENSG00000128595
DAP,ENSG00000112977
LAMA2,ENSG00000196569
IL7,ENSG00000104432
SOD1,ENSG00000142168
STAT5A,ENSG00000126561
EDNRA,ENSG00000151617
CLCN3,ENSG00000109572
CPSF3,ENSG00000119203
MCM5,ENSG00000100297
ALOX15B,ENSG00000179593
LINC00968,ENSG00000246430
GEMIN4,ENSG00000179409
CLCA2,ENSG00000137975
IRF8,ENSG00000140968
NEUROD1,ENSG00000162992
ESRP1,ENSG00000104413
VMA21,ENSG00000160131
NR2F6,ENSG00000160113
ITGA8,ENSG00000077943
CCNB1,ENSG00000134057
STK24,ENSG00000102572
ODC1,ENSG00000115758
DGUOK,ENSG00000114956
TAF8,ENSG00000137413
PPP1R17,ENSG00000106341
VDR,ENSG00000111424
KIF23,ENSG00000137807
HES7,ENSG00000179111
ARHGEF5,ENSG00000050327
ABL2,ENSG00000143322
IL17F,ENSG00000112116
MRM2,ENSG00000122687
PAPSS1,ENSG00000138801
CST1,ENSG00000170373
BPIFB1,ENSG00000125999
SLC25A16,ENSG00000122912
EMX2,ENSG00000170370
CBLL2,ENSG00000175809
OLR1,ENSG00000173391
NR1I3,ENSG00000143257
SLC5A5,ENSG00000105641
MIR18B,ENSG00000283931
PIWIL1,ENSG00000125207
TGFBI,ENSG00000120708
CA8,ENSG00000178538
MAP1LC3A,ENSG00000101460
SIX4,ENSG00000100625
MGST1,ENSG00000008394
MIR23B,ENSG00000207563
H19,ENSG00000130600
CA11,ENSG00000063180
SPDEF,ENSG00000124664
PRDX3,ENSG00000165672
RALBP1,ENSG00000017797
EPOR,ENSG00000187266
ASF1A,ENSG00000111875
SLC12A5,ENSG00000124140
PDE3A,ENSG00000172572
P2RY14,ENSG00000174944
TMPO-AS1,ENSG00000257167
NFIX,ENSG00000008441
PLEC,ENSG00000178209
CD200,ENSG00000091972
TFAM,ENSG00000108064
AMOT,ENSG00000126016
MED19,ENSG00000156603
TENM1,ENSG00000009694
LORICRIN,ENSG00000203782
MIR4513,ENSG00000264386
SGK1,ENSG00000118515
YY1,ENSG00000100811
DHX9,ENSG00000135829
LINC00115,ENSG00000225880
SQSTM1,ENSG00000161011
PDGFRB,ENSG00000113721
EPHA1,ENSG00000146904
RUNX1,ENSG00000159216
HOXA4,ENSG00000197576
F2RL3,ENSG00000127533
MIRLET7F1,ENSG00000199072
TLR9,ENSG00000239732
POU2AF1,ENSG00000110777
DKK2,ENSG00000155011
BCHE,ENSG00000114200
PAWR,ENSG00000177425
FGF4,ENSG00000075388
NUDT1,ENSG00000106268
LINC00472,ENSG00000233237
SDCBP,ENSG00000137575
CISH,ENSG00000114737
ALKBH3,ENSG00000166199
EREG,ENSG00000124882
MIR3941,ENSG00000265442
SIRT3,ENSG00000142082
SBF2-AS1,ENSG00000246273
IQGAP1,ENSG00000140575
ZNF692,ENSG00000171163
TMED10,ENSG00000170348
MIR297,ENSG00000215961
MIR630,ENSG00000283798
SKP1,ENSG00000113558
MID1,ENSG00000101871
CAPN8,ENSG00000203697
ZNF185,ENSG00000147394
CCNL2,ENSG00000221978
BHLHE40,ENSG00000134107
EED,ENSG00000074266
CCR5,ENSG00000160791
LTA,ENSG00000226979
DKK4,ENSG00000104371
LINC00355,ENSG00000227674
SAMHD1,ENSG00000101347
EFNA1,ENSG00000169242
MIR1827,ENSG00000221476
NCAPG2,ENSG00000146918
SLC16A4,ENSG00000168679
SFTA1P,ENSG00000225383
MIR296,ENSG00000284040
RMDN2,ENSG00000115841
PINK1,ENSG00000158828
CHL1,ENSG00000134121
DLX6-AS1,ENSG00000231764
S100A8,ENSG00000143546
PAIP1,ENSG00000172239
AHNAK,ENSG00000124942
H3P17,ENSG00000248205
MIR655,ENSG00000207646
VGF,ENSG00000128564
SGSM3,ENSG00000100359
PRDM1,ENSG00000057657
KHDRBS2,ENSG00000112232
RBMY1D,ENSG00000244395
TNKS1BP1,ENSG00000149115
NR1H3,ENSG00000025434
MIR888,ENSG00000216005
CXCL14,ENSG00000145824
FUS,ENSG00000089280
STAT2,ENSG00000170581
ASAP3,ENSG00000088280
MCM8,ENSG00000125885
CHPF,ENSG00000123989
AGMAT,ENSG00000116771
FAM20C,ENSG00000177706
KIF2A,ENSG00000068796
CPM,ENSG00000135678
LIMD1,ENSG00000144791
PCNP,ENSG00000081154
CLSTN1,ENSG00000171603
CD46,ENSG00000117335
TMEM189-UBE2V1,
SMAD5,ENSG00000113658
SSTR4,ENSG00000132671
GCLC,ENSG00000001084
BOK,ENSG00000176720
AMY1C,ENSG00000187733
PMEPA1,ENSG00000124225
FBXL7,ENSG00000183580
GGPS1,ENSG00000152904
KIF20A,ENSG00000112984
BMP2,ENSG00000125845
CXADR,ENSG00000154639
FPGS,ENSG00000136877
GKN2,ENSG00000183607
MIR1914,ENSG00000284433
MIR545,ENSG00000207820
GABBR2,ENSG00000136928
IL1F10,ENSG00000136697
HOXA5,ENSG00000106004
PPARGC1A,ENSG00000109819
CIDEC,ENSG00000187288
HOXC13,ENSG00000123364
CASR,ENSG00000036828
CHRNA7,ENSG00000175344
ALDH2,ENSG00000111275
MST1,ENSG00000173531
IL17C,ENSG00000124391
ADORA2A,ENSG00000128271
LAMC2,ENSG00000058085
GATA2,ENSG00000179348
MIR4677,ENSG00000265201
CDH3,ENSG00000062038
PDCD6,ENSG00000249915
GUK1,ENSG00000143774
GPR158,ENSG00000151025
PITX1,ENSG00000069011
RGS11,ENSG00000076344
CLDN15,ENSG00000106404
GORASP2,ENSG00000115806
SMAD6,ENSG00000137834
FUT3,ENSG00000171124
ARHGDIA,ENSG00000141522
ORAI3,ENSG00000175938
GBX2,ENSG00000168505
MIR3662,ENSG00000283409
TM7SF2,ENSG00000149809
HOXA11-AS,ENSG00000240990
PELI1,ENSG00000197329
IL32,ENSG00000008517
SIK1B,ENSG00000275993
SNHG5,ENSG00000203875
HMGB3,ENSG00000029993
UBE2V1,ENSG00000244687
LAMP3,ENSG00000078081
ARHGEF2,ENSG00000116584
HOXA3,ENSG00000105997
FAAH,ENSG00000117480
SYT13,ENSG00000019505
UCHL5,ENSG00000116750
PGRMC1,ENSG00000101856
SPANXC,ENSG00000198573
DDX53,ENSG00000184735
DNER,ENSG00000187957
CUX1,ENSG00000257923
CTC1,ENSG00000178971
CCR3,ENSG00000183625
AFAP1-AS1,ENSG00000272620
GATA4,ENSG00000136574
EPB41L4B,ENSG00000095203
KRT20,ENSG00000171431
SOX18,ENSG00000203883
MIR33B,ENSG00000207839
SOX2-OT,ENSG00000242808
GGA2,ENSG00000103365
BCL7B,ENSG00000106635
MCM2,ENSG00000073111
MSC,ENSG00000178860
ITPRIPL1,ENSG00000198885
EGFL6,ENSG00000198759
SUN1,ENSG00000164828
MIR590,ENSG00000207741
FOLH1,ENSG00000086205
KIF16B,ENSG00000089177
CHPT1,ENSG00000111666
PLAUR,ENSG00000011422
RIPK4,ENSG00000183421
CXCL13,ENSG00000156234
SPTBN1,ENSG00000115306
CREB1,ENSG00000118260
POLE2,ENSG00000100479
EEF1A2,ENSG00000101210
TRPC3,ENSG00000138741
MIR592,ENSG00000207692
PPP1R8,ENSG00000117751
TESC,ENSG00000088992
MSI2,ENSG00000153944
PARK7,ENSG00000116288
SPAG4,ENSG00000061656
SCGB3A2,ENSG00000164265
UBA2,ENSG00000126261
MAP3K8,ENSG00000107968
OSR1,ENSG00000143867
CFTR,ENSG00000001626
USP25,ENSG00000155313
TRAF2,ENSG00000127191
TFEB,ENSG00000112561
SNHG6,ENSG00000245910
XK,ENSG00000047597
KLK5,ENSG00000167754
KRT17,ENSG00000128422
SPANXA1,ENSG00000198021
MIR448,ENSG00000199001
CD69,ENSG00000110848
EIF5A,ENSG00000132507
NFS1,ENSG00000244005
CSF1R,ENSG00000182578
EPX,ENSG00000121053
UCHL1,ENSG00000154277
SRPK1,ENSG00000096063
SOX6,ENSG00000110693
NDUFA13,ENSG00000186010
MAP3K3,ENSG00000198909
PPA1,ENSG00000180817
PAFAH1B1,ENSG00000007168
GPR42,ENSG00000126251
VMP1,ENSG00000062716
TOP2B,ENSG00000077097
SIRT6,ENSG00000077463
MIRLET7E,ENSG00000198972
BAG3,ENSG00000151929
SIX3,ENSG00000138083
SEC31A,ENSG00000138674
IL17B,ENSG00000127743
CDK10,ENSG00000185324
RHOB,ENSG00000143878
GK5,ENSG00000175066
JAG2,ENSG00000184916
NORAD,ENSG00000260032
CACNA1C,ENSG00000151067
YTHDF1,ENSG00000149658
CTSA,ENSG00000064601
PRNP,ENSG00000171867
ADGRA2,ENSG00000020181
NME1,ENSG00000239672
S100A7,ENSG00000143556
CD38,ENSG00000004468
RMDN1,ENSG00000176623
FSD1,ENSG00000105255
PTPRH,ENSG00000080031
RGS17,ENSG00000091844
PTOV1,ENSG00000104960
SNAI2,ENSG00000019549
TFAP2B,ENSG00000008196
BPY2,ENSG00000183753
DAB2,ENSG00000153071
HDAC2,ENSG00000196591
ADAR,ENSG00000160710
KLK3,ENSG00000142515
MIP,ENSG00000135517
LIN28B-AS1,ENSG00000203809
CALR,ENSG00000179218
SHISA3,ENSG00000178343
DCN,ENSG00000011465
PAX6,ENSG00000007372
ATAD3A,ENSG00000197785
HOXA13,ENSG00000106031
SNORD35B,ENSG00000200530
MIR96,ENSG00000199158
ORM1,ENSG00000229314
LMNB2,ENSG00000176619
WT1-AS,ENSG00000183242
RAD51,ENSG00000051180
USF2,ENSG00000105698
GREM1,ENSG00000166923
ANKRD40CL,ENSG00000167117
SET,ENSG00000119335
CD151,ENSG00000177697
PRKCD,ENSG00000163932
CUEDC2,ENSG00000107874
BEX5,ENSG00000184515
TACSTD2,ENSG00000184292
SIVA1,ENSG00000184990
MIR432,ENSG00000272458
SOCS2,ENSG00000120833
PHLDA2,ENSG00000181649
KCNMA1,ENSG00000156113
MIR382,ENSG00000283170
HOTTIP,ENSG00000243766
TTK,ENSG00000112742
PLS1,ENSG00000120756
COPB2,ENSG00000184432
PHLPP2,ENSG00000040199
TDRD9,ENSG00000156414
EIF4H,ENSG00000106682
SOX7,ENSG00000171056
NOLC1,ENSG00000166197
FERMT2,ENSG00000073712
MIR532,ENSG00000207758
MIR340,ENSG00000198995
BPY2C,ENSG00000185894
CDC25C,ENSG00000158402
LRP1,ENSG00000123384
CTNNBIP1,ENSG00000178585
LINC00628,ENSG00000280924
PTPN13,ENSG00000163629
PRKD1,ENSG00000184304
ST18,ENSG00000147488
RIN1,ENSG00000174791
WDTC1,ENSG00000142784
SETX,ENSG00000107290
RPS19,ENSG00000105372
RABGEF1,ENSG00000154710
MIR552,ENSG00000207941
TLE5,ENSG00000104964
MCM10,ENSG00000065328
MUC6,ENSG00000184956
EGLN1,ENSG00000135766
EAF2,ENSG00000145088
FER,ENSG00000151422
DCAF4,ENSG00000119599
MIR499A,ENSG00000207635
DELEC1,ENSG00000173077
WEE1,ENSG00000166483
ITGB2,ENSG00000160255
MAGEA2,ENSG00000183305
ESRRA,ENSG00000173153
FOXP4,ENSG00000137166
NOS3,ENSG00000164867
PTPRB,ENSG00000127329
LPIN1,ENSG00000134324
SRGN,ENSG00000122862
STAT5B,ENSG00000173757
SLC12A3,ENSG00000070915
DLL1,ENSG00000198719
MELTF,ENSG00000163975
PLA2G1B,ENSG00000170890
MTERF1,ENSG00000127989
ACE2,ENSG00000130234
RABEPK,ENSG00000136933
SH3RF1,ENSG00000154447
PHLPP1,ENSG00000081913
GAS5,ENSG00000234741
XDH,ENSG00000158125
ZFHX4,ENSG00000091656
FHIT,ENSG00000189283
RTKN,ENSG00000114993
NPTN-IT1,ENSG00000281183
ADGRG6,ENSG00000112414
LPCAT1,ENSG00000153395
IRF1,ENSG00000125347
VDAC1,ENSG00000213585
SOX21,ENSG00000125285
AQP1,ENSG00000240583
ISYNA1,ENSG00000105655
MIR338,ENSG00000283604
ATF6,ENSG00000118217
HNRNPD,ENSG00000138668
CFDP1,ENSG00000153774
TFDP1,ENSG00000198176
IFITM1,ENSG00000185885
TRAF4,ENSG00000076604
SH2B1,ENSG00000178188
HOXA-AS3,ENSG00000254369
PDZK1IP1,ENSG00000162366
CLIC4,ENSG00000169504
SPATA2,ENSG00000158480
THY1,ENSG00000154096
HCP5,ENSG00000206337
PCNT,ENSG00000160299
NCAPG,ENSG00000109805
LHX6,ENSG00000106852
LDLR,ENSG00000130164
PCDHGB6,ENSG00000253305
MIR98,ENSG00000271886
CLEC14A,ENSG00000176435
SNORD14C,ENSG00000202252
STXBP6,ENSG00000168952
WDCP,ENSG00000163026
CRNDE,ENSG00000245694
TJP1,ENSG00000104067
ASPH,ENSG00000198363
MIR629,ENSG00000207965
CP,ENSG00000047457
LDHC,ENSG00000166796
FERMT1,ENSG00000101311
RASGRF1,ENSG00000058335
DIP2A,ENSG00000160305
GSR,ENSG00000104687
LYNX1,ENSG00000180155
MIR30C2,ENSG00000199094
NUP210,ENSG00000132182
MIR218-1,ENSG00000207732
S100P,ENSG00000163993
ABCG1,ENSG00000160179
PITX2,ENSG00000164093
MAFG,ENSG00000197063
KDM4B,ENSG00000127663
CYP3A5,ENSG00000106258
TP73-AS1,ENSG00000227372
CHIAP2,ENSG00000203878
LDOC1,ENSG00000182195
HP,ENSG00000257017
KITLG,ENSG00000049130
MAPK4,ENSG00000141639
P2RY6,ENSG00000171631
KRT6B,ENSG00000185479
NEO1,ENSG00000067141
RBMY2DP,ENSG00000215507
MIR1293,ENSG00000221604
LINC01600,ENSG00000164385
HSPA1A,ENSG00000204389
HOXB4,ENSG00000182742
CANX,ENSG00000127022
IGF2BP2-AS1,ENSG00000163915
GPC1,ENSG00000063660
MIR6077,ENSG00000278596
ELANE,ENSG00000197561
GSTM4,ENSG00000168765
ARR3,ENSG00000120500
HPRT1,ENSG00000165704
MIB1,ENSG00000101752
VSIG1,ENSG00000101842
SLC12A2,ENSG00000064651
FBLN2,ENSG00000163520
FBXO22,ENSG00000167196
PDK2,ENSG00000005882
DHDDS,ENSG00000117682
SRPK2,ENSG00000135250
SNORD14D,ENSG00000207118
ZBTB7A,ENSG00000178951
APP,ENSG00000142192
MAP2K4,ENSG00000065559
HS6ST2,ENSG00000171004
LINC00941,ENSG00000235884
MUTYH,ENSG00000132781
ERGIC3,ENSG00000125991
ACLY,ENSG00000131473
SPC25,ENSG00000152253
GDF2,ENSG00000263761
COX7A1,ENSG00000161281
CDKN3,ENSG00000100526
HMMR-AS1,ENSG00000251018
BIK,ENSG00000100290
CAVIN2,ENSG00000168497
ITIH5,ENSG00000123243
FGA,ENSG00000171560
RAB27B,ENSG00000041353
RPS15A,ENSG00000134419
GASK1B,ENSG00000164125
ACTA2-AS1,ENSG00000180139
AQP5,ENSG00000161798
NFATC2,ENSG00000101096
SIX6,ENSG00000184302
ADARB1,ENSG00000197381
RMDN3,ENSG00000137824
PRL,ENSG00000172179
SEPHS2,ENSG00000179918
SEMA7A,ENSG00000138623
LINC02310,ENSG00000258808
MYCN,ENSG00000134323
ENKUR,ENSG00000151023
SULF2,ENSG00000196562
CHD4,ENSG00000111642
SUPT20H,ENSG00000102710
SCGB2A2,ENSG00000110484
TAGLN2,ENSG00000158710
GMDS,ENSG00000112699
TAOK1,ENSG00000160551
SLC1A5,ENSG00000105281
DEDD,ENSG00000158796
MIR520C,ENSG00000207738
WNT1,ENSG00000125084
AFF4,ENSG00000072364
S100A1,ENSG00000160678
F3,ENSG00000117525
CUL4B,ENSG00000158290
FBXL19-AS1,ENSG00000260852
HSPA14,ENSG00000187522
BTG3,ENSG00000154640
CBLC,ENSG00000142273
ACOT13,ENSG00000112304
AK1,ENSG00000106992
KHDRBS1,ENSG00000121774
VTA1,ENSG00000009844
VHL,ENSG00000134086
AIM2,ENSG00000163568
CPEB1,ENSG00000214575
RRAS,ENSG00000126458
GALNT3,ENSG00000115339
ELK1,ENSG00000126767
BZW1,ENSG00000082153
CCNA2,ENSG00000145386
MEGF8,ENSG00000105429
SH3BP4,ENSG00000130147
OPN3,ENSG00000054277
MGLL,ENSG00000074416
TPO,ENSG00000115705
REG1B,ENSG00000172023
RN7SL494P,ENSG00000241175
BLACAT1,ENSG00000281406
MIR374A,ENSG00000199168
GUSB,ENSG00000169919
PRDM2,ENSG00000116731
TMOD1,ENSG00000136842
PMM2,ENSG00000140650
TUBB,ENSG00000196230
PERP,ENSG00000112378
CISD2,ENSG00000145354
LINC00485,ENSG00000258169
OCLN,ENSG00000197822
PSMA7,ENSG00000101182
PCSK9,ENSG00000169174
LINC00222,ENSG00000203801
RCCD1,ENSG00000166965
FSBP,ENSG00000265817
SH3GLB1,ENSG00000097033
IGKC,ENSG00000211592
KLF17,ENSG00000171872
TNS4,ENSG00000131746
DAPK1,ENSG00000196730
LINC01703,ENSG00000225518
CASP1,ENSG00000137752
COPS6,ENSG00000168090
GADD45B,ENSG00000099860
BGN,ENSG00000182492
FABP4,ENSG00000170323
CCL1,ENSG00000108702
OVOL2,ENSG00000125850
GIP,ENSG00000159224
HNF1A-AS1,ENSG00000241388
HAGLR,ENSG00000224189
PLIN2,ENSG00000147872
CHD1L,ENSG00000131778
MIR650,ENSG00000284049
KRT6A,ENSG00000205420
MIR519B,ENSG00000207825
HSPA8,ENSG00000109971
ZNF253,ENSG00000256771
ALOX5AP,ENSG00000132965
VCAM1,ENSG00000162692
LINC00665,ENSG00000232677
MIR452,ENSG00000283751
SPG7,ENSG00000197912
TRIT1,ENSG00000043514
IL1R2,ENSG00000115590
YWHAG,ENSG00000170027
SPARC,ENSG00000113140
TPM3,ENSG00000143549
CTSL,ENSG00000135047
WASIR2,ENSG00000231439
TTC21A,ENSG00000168026
SNHG12,ENSG00000197989
COX5A,ENSG00000178741
S100A11,ENSG00000163191
DHFR,ENSG00000228716
IL23R,ENSG00000162594
ACOT11,ENSG00000162390
OSMR,ENSG00000145623
TMED10P1,ENSG00000254618
SLC35A4,ENSG00000176087
SLC12A1,ENSG00000074803
CMA1,ENSG00000092009
LGR6,ENSG00000133067
TNFSF13,ENSG00000161955
HDGF,ENSG00000143321
RSPO2,ENSG00000147655
MTA1,ENSG00000182979
MIR6783,ENSG00000278223
SEMA4B,ENSG00000185033
HTRA1,ENSG00000166033
KIT,ENSG00000157404
MIR1275,ENSG00000221697
CLCF1,ENSG00000175505
ESYT2,ENSG00000117868
NMU,ENSG00000109255
OTUD3,ENSG00000169914
NRP2,ENSG00000118257
KDM3A,ENSG00000115548
MINDY4,ENSG00000106125
LAMA3,ENSG00000053747
MIR1205,ENSG00000221771
FOXD3,ENSG00000187140
SLC16A1,ENSG00000155380
SERPINB3,ENSG00000057149
MIR193A,ENSG00000207614
SYBU,ENSG00000147642
CPA3,ENSG00000163751
PTTG1,ENSG00000164611
AGO2,ENSG00000123908
KRT16,ENSG00000186832
TBX2,ENSG00000121068
PTGES3,ENSG00000110958
SNORD138,ENSG00000284078
RCC2,ENSG00000179051
ZNF384,ENSG00000126746
EMD,ENSG00000102119
ERP44,ENSG00000023318
SLC11A1,ENSG00000018280
EYA4,ENSG00000112319
RBMY1A1,ENSG00000234414
LINC00852,ENSG00000231177
MB,ENSG00000198125
LYN,ENSG00000254087
LRPPRC,ENSG00000138095
GJB6,ENSG00000121742
PSD,ENSG00000059915
TLR7,ENSG00000196664
MX2,ENSG00000183486
POTEF,ENSG00000196604
MIR708,ENSG00000211997
PDK1,ENSG00000152256
PCDH7,ENSG00000169851
CRLS1,ENSG00000088766
PARG,ENSG00000227345
IFITM3,ENSG00000142089
MPC1,ENSG00000060762
GAD1,ENSG00000128683
AGRN,ENSG00000188157
IGFBP2,ENSG00000115457
CTHRC1,ENSG00000164932
BAX,ENSG00000087088
RSPO1,ENSG00000169218
KMT2D,ENSG00000167548
EPHA2,ENSG00000142627
MIR3613,ENSG00000264864
KRTAP8-1,ENSG00000183640
TSPY1,ENSG00000258992
SLC38A1,ENSG00000111371
CTBP1,ENSG00000159692
ZG16,ENSG00000174992
PLK4,ENSG00000142731
ZNF560,ENSG00000198028
GBP1,ENSG00000117228
NBEAL2,ENSG00000160796
MME,ENSG00000196549
MTSS1,ENSG00000170873
ARNTL2,ENSG00000029153
TFF1,ENSG00000160182
UPP1,ENSG00000183696
POLM,ENSG00000122678
PPIG,ENSG00000138398
LAS1L,ENSG00000001497
F2R,ENSG00000181104
SLC52A2,ENSG00000185803
PWAR1,ENSG00000279050
POLI,ENSG00000101751
EEF1A1,ENSG00000156508
PTPN23,ENSG00000076201
KLK13,ENSG00000167759
PCYT1B,ENSG00000102230
CCT2,ENSG00000166226
MIR1471,ENSG00000222246
IRF6,ENSG00000117595
ATN1,ENSG00000111676
IL2,ENSG00000109471
MKI67,ENSG00000148773
LAMTOR2,ENSG00000116586
PCBP4,ENSG00000090097
MIR143,ENSG00000284182
AR,ENSG00000169083
IL9,ENSG00000145839
ARRB1,ENSG00000137486
ADAM28,ENSG00000042980
PTPRG,ENSG00000144724
MIR221,ENSG00000207870
PTPRU,ENSG00000060656
PRPF31,ENSG00000105618
NEDD4,ENSG00000069869
CXCR2,ENSG00000180871
DKK3,ENSG00000050165
LDHB,ENSG00000111716
CFHR1,ENSG00000244414
CYP2B6,ENSG00000197408
RETN,ENSG00000104918
VIPR1,ENSG00000114812
MTTP,ENSG00000138823
MIR136,ENSG00000207942
MSN,ENSG00000147065
ACTR3C,ENSG00000106526
THBD,ENSG00000178726
MIR100,ENSG00000207994
MIR372,ENSG00000199095
MIR1297,ENSG00000283126
MIR363,ENSG00000284499
TLE1,ENSG00000196781
DGCR5,ENSG00000237517
XXYLT1,ENSG00000173950
VEGFD,ENSG00000165197
GSN,ENSG00000148180
DUSP4,ENSG00000120875
CYP1A2,ENSG00000140505
HOXB2,ENSG00000173917
STK33,ENSG00000130413
KLF6,ENSG00000067082
BHLHE41,ENSG00000123095
THBS1,ENSG00000137801
RPP14,ENSG00000163684
TSC2,ENSG00000103197
LUM,ENSG00000139329
JMJD6,ENSG00000070495
SOAT1,ENSG00000057252
MMP14,ENSG00000157227
CBX3,ENSG00000122565
CTAG1B,ENSG00000184033
NEK2,ENSG00000117650
CTNND2,ENSG00000169862
TAGLN,ENSG00000149591
TFAP2A,ENSG00000137203
PAQR7,ENSG00000182749
AQP3,ENSG00000165272
STRAP,ENSG00000023734
ZFPM2,ENSG00000169946
SNTG1,ENSG00000147481
PSMD9,ENSG00000110801
LOXL2,ENSG00000134013
MSH2,ENSG00000095002
GPC3,ENSG00000147257
PHGDH,ENSG00000092621
COL1A2,ENSG00000164692
H3P8,ENSG00000270915
HOPX,ENSG00000171476
NR3C2,ENSG00000151623
MCM4,ENSG00000104738
CASP14,ENSG00000105141
MIR192,ENSG00000283926
PSMD2,ENSG00000175166
TMED7-TICAM2,ENSG00000251201
APRT,ENSG00000198931
PRKAR1A,ENSG00000108946
NANOG,ENSG00000111704
RDX,ENSG00000137710
NCOA3,ENSG00000124151
RAC3,ENSG00000169750
KLF15,ENSG00000163884
GSTK1,ENSG00000197448
XIST,ENSG00000229807
GRP,ENSG00000134443
MMP11,ENSG00000099953
CD24,ENSG00000272398
ACTR3B,ENSG00000133627
SPOP,ENSG00000121067
MIR222,ENSG00000207725
SOX30,ENSG00000039600
TRIB3,ENSG00000101255
MRPL28,ENSG00000086504
MYCL,ENSG00000116990
FUT4,ENSG00000196371
QKI,ENSG00000112531
CXCL5,ENSG00000163735
CRABP2,ENSG00000143320
GLI2,ENSG00000074047
CKAP4,ENSG00000136026
RAD54B,ENSG00000197275
LINC00857,ENSG00000237523
HOXB3,ENSG00000120093
SFTA3,ENSG00000229415
NF2,ENSG00000186575
SFRP1,ENSG00000104332
SYK,ENSG00000165025
OPN1LW,ENSG00000102076
DECR1,ENSG00000104325
MIR15A,ENSG00000283785
SNCA,ENSG00000145335
FN1,ENSG00000115414
NF1,ENSG00000196712
IRS1,ENSG00000169047
TIMP2,ENSG00000035862
PRKN,ENSG00000185345
LINC01194,ENSG00000248131
SCGB1A1,ENSG00000149021
MIR137,ENSG00000284202
RSPO3,ENSG00000146374
TRIB2,ENSG00000071575
GJB1,ENSG00000169562
IL12RB2,ENSG00000081985
FAS,ENSG00000026103
JUN,ENSG00000177606
HOTAIR,ENSG00000228630
EDIL3,ENSG00000164176
PAG1,ENSG00000076641
SP1,ENSG00000185591
SLC7A11,ENSG00000151012
EYA2,ENSG00000064655
PHF5A,ENSG00000100410
TET1,ENSG00000138336
CLDN4,ENSG00000189143
USP8,ENSG00000138592
ADIPOQ,ENSG00000181092
MIR135B,ENSG00000199059
UHRF1,ENSG00000276043
UVRAG,ENSG00000198382
SPAG5,ENSG00000076382
MIR944,ENSG00000216058
PBK,ENSG00000168078
MSLN,ENSG00000102854
SELENBP1,ENSG00000143416
FLT4,ENSG00000037280
SUMO1,ENSG00000116030
PIP,ENSG00000159763
MIR106A,ENSG00000284157
MIR423,ENSG00000283935
ASPM,ENSG00000066279
GBE1,ENSG00000114480
APOE,ENSG00000130203
SMARCA1,ENSG00000102038
MIR429,ENSG00000198976
H3P23,ENSG00000250705
MEN1,ENSG00000133895
SOX4,ENSG00000124766
MIR339,ENSG00000199023
SPINK1,ENSG00000164266
S100B,ENSG00000160307
HORMAD1,ENSG00000143452
MIR224,ENSG00000284363
NEAT1,ENSG00000245532
LMO3,ENSG00000048540
TICAM2,ENSG00000243414
TAS2R13,ENSG00000212128
GRB2,ENSG00000177885
CHRNA4,ENSG00000101204
IFI27,ENSG00000165949
ELF3,ENSG00000163435
GINS2,ENSG00000131153
GJA1,ENSG00000152661
USP14,ENSG00000101557
MIR22,ENSG00000283824
PDCD5,ENSG00000105185
CD80,ENSG00000121594
MFAP1,ENSG00000140259
PAK1,ENSG00000149269
CCL19,ENSG00000172724
DCTN6,ENSG00000104671
TSC1,ENSG00000165699
MMP10,ENSG00000166670
STPG4,ENSG00000239605
HSPB3,ENSG00000169271
ACKR3,ENSG00000144476
SESN2,ENSG00000130766
BRMS1,ENSG00000174744
H3P9,ENSG00000227430
NXT1,ENSG00000132661
MMUT,ENSG00000146085
PRKCI,ENSG00000163558
SRSF1,ENSG00000136450
SLIT2,ENSG00000145147
IGF2BP3,ENSG00000136231
NLRP3,ENSG00000162711
DDB1,ENSG00000167986
ID3,ENSG00000117318
MMP15,ENSG00000102996
CDH2,ENSG00000170558
WLS,ENSG00000116729
PTHLH,ENSG00000087494
FOSL1,ENSG00000175592
HPSE,ENSG00000173083
MYDGF,ENSG00000074842
INHBA,ENSG00000122641
ACTR10,ENSG00000131966
LINC00460,ENSG00000233532
MAP4K4,ENSG00000071054
CDCA2,ENSG00000184661
ZFPM2-AS1,ENSG00000251003
TLR4,ENSG00000136869
SLCO6A1,ENSG00000205359
HOXA9,ENSG00000078399
IMP3,ENSG00000177971
PRKAA1,ENSG00000132356
UGT2B17,ENSG00000197888
PTK2,ENSG00000169398
FLOT1,ENSG00000137312
GATA6,ENSG00000141448
CYP1B1,ENSG00000138061
GPX2,ENSG00000176153
BDNF,ENSG00000176697
S1PR1,ENSG00000170989
LGALS4,ENSG00000171747
CDK1,ENSG00000170312
KLF8,ENSG00000102349
TACC3,ENSG00000013810
KLF4,ENSG00000136826
F2RL1,ENSG00000164251
TNKS,ENSG00000173273
CHEK2,ENSG00000183765
CXCL17,ENSG00000189377
PRDM16,ENSG00000142611
ANGPT1,ENSG00000154188
FUT2,ENSG00000176920
CIB1,ENSG00000185043
NECTIN4,ENSG00000143217
NAT2,ENSG00000156006
HUWE1,ENSG00000086758
GAS6,ENSG00000183087
SELP,ENSG00000174175
PRKAB1,ENSG00000111725
DNMT1,ENSG00000130816
TOX3,ENSG00000103460
RPE65,ENSG00000116745
CD68,ENSG00000129226
GRK6,ENSG00000198055
MIR17,ENSG00000284536
PRC1,ENSG00000198901
HSPA4,ENSG00000170606
HSPB2,ENSG00000170276
COL18A1,ENSG00000182871
ESRRB,ENSG00000119715
CCL28,ENSG00000151882
CCDC6,ENSG00000108091
DLK1,ENSG00000185559
CYGB,ENSG00000161544
MIR140,ENSG00000208017
RASSF8,ENSG00000123094
ALCAM,ENSG00000170017
F11R,ENSG00000158769
DIO3,ENSG00000197406
ROCK1,ENSG00000067900
RELB,ENSG00000104856
GZMB,ENSG00000100453
YBX1,ENSG00000065978
TCHP,ENSG00000139437
USP4,ENSG00000114316
ATP2C1,ENSG00000017260
BECN1,ENSG00000126581
ERVW-1,ENSG00000242950
TRIM23,ENSG00000113595
MIR31HG,ENSG00000171889
CD34,ENSG00000174059
HDAC9,ENSG00000048052
UBQLN1,ENSG00000135018
MIR425,ENSG00000199032
MYBPH,ENSG00000133055
TRAF6,ENSG00000175104
MIR381,ENSG00000199020
EPHB6,ENSG00000106123
MPO,ENSG00000005381
RIT1,ENSG00000143622
WNT3A,ENSG00000154342
ABCC3,ENSG00000108846
IL25,ENSG00000166090
ANG,ENSG00000214274
IGFBP3,ENSG00000146674
CCN2,ENSG00000118523
RBM47,ENSG00000163694
FEN1,ENSG00000168496
MIR375,ENSG00000198973
NDUFC2,ENSG00000151366
RBM3,ENSG00000102317
MARCKSL1,ENSG00000175130
PLA2G2A,ENSG00000188257
SERPINA1,ENSG00000197249
MTHFR,ENSG00000177000
SCT,ENSG00000070031
ZNRD2,ENSG00000173465
LRP1B,ENSG00000168702
NTRK1,ENSG00000198400
TRBV20OR9-2,ENSG00000205274
LUADT1,ENSG00000196634
LINC01419,ENSG00000253898
PRAME,ENSG00000185686
SOCS3,ENSG00000184557
CTNND1,ENSG00000198561
IKBKB,ENSG00000104365
FMR1NB,ENSG00000176988
MIR411,ENSG00000199109
CDK2AP2,ENSG00000167797
XIAP,ENSG00000101966
CENPU,ENSG00000151725
KRT5,ENSG00000186081
WWTR1,ENSG00000018408
AK4,ENSG00000162433
SRF,ENSG00000112658
WDR77,ENSG00000116455
HMGA2,ENSG00000149948
S100A2,ENSG00000196754
ACTN4,ENSG00000130402
PTN,ENSG00000105894
ID4,ENSG00000172201
SF3B6,ENSG00000115128
MIR204,ENSG00000207935
SKP2,ENSG00000145604
MIR134,ENSG00000207993
MFSD2A,ENSG00000168389
MUC5B,ENSG00000117983
LPP,ENSG00000145012
PDK4,ENSG00000004799
CPS1,ENSG00000021826
BEX4,ENSG00000102409
CLDN10,ENSG00000134873
LINC00578,ENSG00000228221
NTSR1,ENSG00000101188
ALDH3A1,ENSG00000108602
ZFP36,ENSG00000128016
CALB2,ENSG00000172137
IGFBP7,ENSG00000163453
MBTPS1,ENSG00000140943
MIA,ENSG00000261857
MIR1290,ENSG00000221662
HOXB7,ENSG00000260027
SMARCA2,ENSG00000080503
KIF18B,ENSG00000186185
IGF2,ENSG00000167244
FLOT2,ENSG00000132589
CCR7,ENSG00000126353
COX8A,ENSG00000176340
TMED7,ENSG00000134970
RGMB,ENSG00000174136
ADA,ENSG00000196839
COPS5,ENSG00000121022
MIRLET7C,ENSG00000199030
CDK2,ENSG00000123374
PRKAA2,ENSG00000162409
DDR1,ENSG00000204580
MIR33A,ENSG00000207932
CTSD,ENSG00000117984
TIAM1,ENSG00000156299
KCNQ1OT1,ENSG00000269821
ERBB4,ENSG00000178568
PLA2G10,ENSG00000069764
SLC25A3,ENSG00000075415
SUMO1P3,ENSG00000235082
FOLR2,ENSG00000165457
LGALS3,ENSG00000131981
RAD52,ENSG00000002016
CD82,ENSG00000085117
STAT6,ENSG00000166888
MIR186,ENSG00000207721
MIR146A,ENSG00000283733
NDRG1,ENSG00000104419
PPP1R2C,ENSG00000102055
RGN,ENSG00000130988
EFHD2,ENSG00000142634
NR1I2,ENSG00000144852
SOX9,ENSG00000125398
PRKCZ,ENSG00000067606
S100A16,ENSG00000188643
CEACAM6,ENSG00000086548
RPLP0P2,ENSG00000243742
SLC34A2,ENSG00000157765
CD74,ENSG00000019582
MIR34C,ENSG00000207562
S100A4,ENSG00000196154
BSG,ENSG00000172270
ADAM9,ENSG00000168615
SYT1,ENSG00000067715
MCL1,ENSG00000143384
MIR93,ENSG00000207757
HPGDS,ENSG00000163106
NOTCH2,ENSG00000134250
MMP12,ENSG00000262406
APC2,ENSG00000115266
KAT2B,ENSG00000114166
TP73,ENSG00000078900
PTPA,ENSG00000119383
TFRC,ENSG00000072274
IL10,ENSG00000136634
GATA1,ENSG00000102145
MIR486-1,ENSG00000274705
ADRB2,ENSG00000169252
CASP9,ENSG00000132906
REG1A,ENSG00000115386
TTN-AS1,ENSG00000237298
ID1,ENSG00000125968
PTK7,ENSG00000112655
CCK,ENSG00000187094
ABCE1,ENSG00000164163
MIR182,ENSG00000207990
MIR608,ENSG00000207551
GSK3B,ENSG00000082701
CXCR4,ENSG00000121966
CLDN3,ENSG00000165215
CDC20,ENSG00000117399
SDC2,ENSG00000169439
CLDN7,ENSG00000181885
SNAI1,ENSG00000124216
ENO2,ENSG00000111674
IL11,ENSG00000095752
FOXA1,ENSG00000129514
DNM1L,ENSG00000087470
HOXA11,ENSG00000005073
SRC,ENSG00000197122
MIR99A,ENSG00000207638
ABL1,ENSG00000097007
MEG3,ENSG00000214548
MFN2,ENSG00000116688
SLC12A9,ENSG00000146828
POU5F1P3,ENSG00000235602
MIR214,ENSG00000283844
MIR326,ENSG00000199090
PRMT5,ENSG00000100462
MIR29C,ENSG00000284214
CDKN1B,ENSG00000111276
MVP,ENSG00000013364
TPX2,ENSG00000088325
YWHAZ,ENSG00000164924
AGR2,ENSG00000106541
TAZ,ENSG00000102125
MOK,ENSG00000080823
PXN,ENSG00000089159
DUSP6,ENSG00000139318
CIP2A,ENSG00000163507
LINC00707,ENSG00000238266
XAGE1A,ENSG00000204379
HNF4A,ENSG00000101076
ING4,ENSG00000111653
RAD9A,ENSG00000172613
FEZF1-AS1,ENSG00000230316
POSTN,ENSG00000133110
NOTCH3,ENSG00000074181
BIRC5,ENSG00000089685
CYP2E1,ENSG00000130649
MIR451A,ENSG00000284565
IL24,ENSG00000162892
GORASP1,ENSG00000114745
HMGA1,ENSG00000137309
SOX5,ENSG00000134532
CYTOR,ENSG00000222041
HMGB1,ENSG00000189403
S100A14,ENSG00000189334
TBC1D9,ENSG00000109436
SUB1,ENSG00000113387
HSPA5,ENSG00000044574
ROR1,ENSG00000185483
ATAD2,ENSG00000156802
PYCR1,ENSG00000183010
PTK2B,ENSG00000120899
TMPRSS4,ENSG00000137648
SFTPA2,ENSG00000185303
DPYD,ENSG00000188641
ARHGAP24,ENSG00000138639
ANLN,ENSG00000011426
UBE2I,ENSG00000103275
IRF3,ENSG00000126456
CD40LG,ENSG00000102245
NEDD9,ENSG00000111859
MIR141,ENSG00000207708
CDCP1,ENSG00000163814
RELA,ENSG00000173039
CRYGD,ENSG00000118231
MUC5AC,ENSG00000215182
LOX,ENSG00000113083
POU5F1P4,ENSG00000237872
CRKL,ENSG00000099942
ERRFI1,ENSG00000116285
CYP19A1,ENSG00000137869
CNTN1,ENSG00000018236
MIR511,ENSG00000207938
XAGE1B,ENSG00000204382
HMMR,ENSG00000072571
IL37,ENSG00000125571
CD276,ENSG00000103855
JAK1,ENSG00000162434
MIR206,ENSG00000207604
TPT1,ENSG00000133112
PRDX4,ENSG00000123131
PGR,ENSG00000082175
CPSF4,ENSG00000160917
NR0B1,ENSG00000169297
KIF18A,ENSG00000121621
OSM,ENSG00000099985
MEST,ENSG00000106484
TIMP1,ENSG00000102265
BCL2L11,ENSG00000153094
IL1B,ENSG00000125538
CENPA,ENSG00000115163
HAVCR2,ENSG00000135077
MIR29B1,ENSG00000283797
MGMT,ENSG00000170430
FGF2,ENSG00000138685
MBD2,ENSG00000134046
AZIN2,ENSG00000142920
TRIM28,ENSG00000130726
ZEB2,ENSG00000169554
SFTPA1,ENSG00000122852
MUC16,ENSG00000181143
GADL1,ENSG00000144644
CTLA4,ENSG00000163599
ABCG2,ENSG00000118777
MSR1,ENSG00000038945
SMARCA4,ENSG00000127616
SMAD2,ENSG00000175387
TGFA,ENSG00000163235
ICAM1,ENSG00000090339
MIR34B,ENSG00000207811
DKK1,ENSG00000107984
AKT2,ENSG00000105221
ERCC2,ENSG00000104884
EPCAM,ENSG00000119888
MAPK3,ENSG00000102882
VEGFC,ENSG00000150630
HMOX1,ENSG00000100292
PRKCA,ENSG00000154229
CCL5,ENSG00000271503
HOXA10,ENSG00000253293
FAM83A,ENSG00000147689
EGR1,ENSG00000120738
MIR29B2,ENSG00000284203
GLI1,ENSG00000111087
MIR142,ENSG00000284353
GDF15,ENSG00000130513
AKR1B10,ENSG00000198074
IGF2BP1,ENSG00000159217
PECAM1,ENSG00000261371
MIR31,ENSG00000199177
CASP8,ENSG00000064012
ABCC1,ENSG00000103222
XRCC1,ENSG00000073050
LIN28B,ENSG00000187772
SIRT1,ENSG00000096717
FOXA2,ENSG00000125798
CYP24A1,ENSG00000019186
MIR203A,ENSG00000207568
MIR144,ENSG00000283819
GPRC5A,ENSG00000013588
LCN2,ENSG00000148346
MUC21,ENSG00000204544
HOXB9,ENSG00000170689
DOK2,ENSG00000147443
MIR623,ENSG00000207719
LINC00467,ENSG00000153363
ALDH1A1,ENSG00000165092
HDAC1,ENSG00000116478
USP22,ENSG00000124422
EZR,ENSG00000092820
CDKN1A,ENSG00000124762
CCL2,ENSG00000108691
ASCL1,ENSG00000139352
POU5F1,ENSG00000204531
PDCD1LG2,ENSG00000197646
STMN1,ENSG00000117632
BRCA1,ENSG00000012048
MIR205,ENSG00000284485
EIF4E,ENSG00000151247
MIR198,ENSG00000284121
IL17A,ENSG00000112115
FOXP3,ENSG00000049768
MIR155,ENSG00000283904
MAPK8,ENSG00000107643
TGFBR2,ENSG00000163513
AURKA,ENSG00000087586
PKM,ENSG00000067225
DACH1,ENSG00000276644
GPC5,ENSG00000179399
CLDN1,ENSG00000163347
IDO1,ENSG00000131203
FGF9,ENSG00000102678
STAT1,ENSG00000115415
RAC1,ENSG00000129538
MIR126,ENSG00000199161
SFTPB,ENSG00000168878
ADAM17,ENSG00000151694
CLU,ENSG00000120885
E2F3,ENSG00000112242
MIR150,ENSG00000207782
KRT19,ENSG00000171345
H3P10,ENSG00000229421
CXCL8,ENSG00000169429
KRT7,ENSG00000135480
FOLR1,ENSG00000110195
CLDN18,ENSG00000066405
ECT2,ENSG00000114346
RBM5,ENSG00000003756
MACC1,ENSG00000183742
MIR183,ENSG00000207691
MIR125A,ENSG00000208008
S100A9,ENSG00000163220
CDX2,ENSG00000165556
PLK1,ENSG00000166851
MIR34A,ENSG00000284357
RBM10,ENSG00000182872
PARP1,ENSG00000143799
COMMD3-BMI1,ENSG00000269897
RUNX3,ENSG00000020633
ACTB,ENSG00000075624
MIR30A,ENSG00000207827
CLDN2,ENSG00000165376
GATA3,ENSG00000107485
CHEK1,ENSG00000149554
CEACAM7,ENSG00000007306
HSP90AA1,ENSG00000080824
E2F1,ENSG00000101412
AGER,ENSG00000204305
AXL,ENSG00000167601
PSG2,ENSG00000242221
LGALS1,ENSG00000100097
TWIST1,ENSG00000122691
NQO1,ENSG00000181019
ESR2,ENSG00000140009
MIR200B,ENSG00000207730
CEACAM3,ENSG00000170956
POLDIP2,ENSG00000004142
FSTL1,ENSG00000163430
EPAS1,ENSG00000116016
RNF19A,ENSG00000034677
SETD2,ENSG00000181555
MIR210,ENSG00000199038
AHSA1,ENSG00000100591
AIMP2,ENSG00000106305
MUC4,ENSG00000145113
FGFR1,ENSG00000077782
BMI1,ENSG00000168283
PPARG,ENSG00000132170
GRAP2,ENSG00000100351
IGF1,ENSG00000017427
SMAD3,ENSG00000166949
JAK2,ENSG00000096968
EPB41L3,ENSG00000082397
GSTM1,ENSG00000134184
MTOR,ENSG00000198793
CRK,ENSG00000167193
ELAVL2,ENSG00000107105
IFNG,ENSG00000111537
ZEB1,ENSG00000148516
VIM,ENSG00000026025
CAV1,ENSG00000105974
ABCB1,ENSG00000085563
PDPN,ENSG00000162493
MTCO2P12,ENSG00000229344
CYP1A1,ENSG00000140465
MIR195,ENSG00000284112
EGFR-AS1,ENSG00000224057
TERC,ENSG00000270141
BAZ1A,ENSG00000198604
HLA-B,ENSG00000234745
ERICH6B,ENSG00000165837
MPZL2,ENSG00000149573
FAM227B,ENSG00000166262
TEKT5,ENSG00000153060
RNF39,ENSG00000204618
SH2B3,ENSG00000111252
LINC01891,ENSG00000231682
CDK12,ENSG00000167258
FGF7,ENSG00000140285
GABBR1,ENSG00000204681
CFB,ENSG00000243649
STK19,ENSG00000204344
GBAP1,ENSG00000160766
BABAM1,ENSG00000105393
C2,ENSG00000166278
SYNGR2,ENSG00000108639
NAF1,ENSG00000145414
PPP1R18,ENSG00000146112
SLC2A10,ENSG00000197496
LDB2,ENSG00000169744
ACTR2,ENSG00000138071
LINC01828,ENSG00000235885
MIGA1,ENSG00000180488
GIPC2,ENSG00000137960
GALK2,ENSG00000156958
HGF,ENSG00000019991
FOXP4-AS1,ENSG00000234753
FAM13A,ENSG00000138640
MDM2,ENSG00000135679
LINC02392,ENSG00000258183
LINC01829,ENSG00000236780
MET,ENSG00000105976
PTEN,ENSG00000171862
GABPA,ENSG00000154727
RAB31,ENSG00000168461
NOTCH1,ENSG00000148400
STAT3,ENSG00000168610
TNF,ENSG00000232810
RPL18P11,ENSG00000213307
NAPSA,ENSG00000131400
MAP2K7,ENSG00000076984
PTGS2,ENSG00000073756
MTX1,ENSG00000173171
PIK3CG,ENSG00000105851
SPP1,ENSG00000118785
C1D,ENSG00000197223
PIK3CB,ENSG00000051382
VEGFA,ENSG00000112715
CEACAM5,ENSG00000105388
NKX2-1,ENSG00000136352
RET,ENSG00000165731
TSBP1,ENSG00000204296
MAPK1,ENSG00000100030
CASP3,ENSG00000164305
TERT,ENSG00000164362
ESR1,ENSG00000091831
CD274,ENSG00000120217
IL6,ENSG00000136244
PROM1,ENSG00000007062
RNLS,ENSG00000184719
ATXN2,ENSG00000204842
TGFB1,ENSG00000105329
MIR145,ENSG00000276365
YAP1,ENSG00000137693
UCN3,ENSG00000178473
PDCD1,ENSG00000188389
COL4A5,ENSG00000188153
MIR21,ENSG00000284190
MUC1,ENSG00000185499
HIF1A,ENSG00000100644
MMP2,ENSG00000087245
KIF5B,ENSG00000170759
PIK3CD,ENSG00000171608
COX2,ENSG00000198712
CCND1,ENSG00000110092
MMP9,ENSG00000100985
USHBP1,ENSG00000130307
PPP2R1A,ENSG00000105568
LMCD1-AS1,ENSG00000227110
EZH2,ENSG00000106462
FOXM1,ENSG00000111206
MSH5-SAPCD1,ENSG00000204410
FRY,ENSG00000073910
BCL2,ENSG00000171791
EGF,ENSG00000138798
SLC2A1,ENSG00000117394
EPHB2,ENSG00000133216
IGF1R,ENSG00000140443
ZNRD1ASP,ENSG00000204623
MALAT1,ENSG00000251562
AK5,ENSG00000154027
MUCL3,ENSG00000168631
ABCF1,ENSG00000204574
ERBB3,ENSG00000065361
CD44,ENSG00000026508
SMUG1,ENSG00000123415
RASSF1,ENSG00000068028
ZNRD1,ENSG00000066379
RASSF3,ENSG00000153179
MORF4L1,ENSG00000185787
KCNH1,ENSG00000143473
LINC01414,ENSG00000253554
HCG9,ENSG00000204625
RAD51B,ENSG00000182185
HNF1B,ENSG00000275410
TRIM31,ENSG00000204616
RALY,ENSG00000125970
MTAP,ENSG00000099810
CYP2A6,ENSG00000255974
HCG18,ENSG00000231074
LINC00824,ENSG00000254275
CASC11,ENSG00000249375
CYP21A2,ENSG00000231852
HLA-DQA2,ENSG00000237541
NEK10,ENSG00000163491
PVT1,ENSG00000249859
VTI1A,ENSG00000151532
APOM,ENSG00000204444
CABLES1,ENSG00000134508
HCG17,ENSG00000270604
TSBP1-AS1,ENSG00000225914
MPZL3,ENSG00000160588
TNXB,ENSG00000168477
B2M,ENSG00000166710
ADAMTS7,ENSG00000136378
LINC00243,ENSG00000214894
DCTN4,ENSG00000132912
TUBA1C,ENSG00000167553
HLA-DQA1,ENSG00000196735
CHRNB4,ENSG00000117971
IRF4,ENSG00000137265
DNMT3A,ENSG00000119772
ACVR1B,ENSG00000135503
EPHB1,ENSG00000154928
RHOA,ENSG00000067560
DCBLD1,ENSG00000164465
HYKK,ENSG00000188266
IREB2,ENSG00000136381
HLA-A,ENSG00000206503
NOTCH4,ENSG00000204301
SFTA2,ENSG00000196260
TCF19,ENSG00000137310
KRT8,ENSG00000170421
BTNL2,ENSG00000204290
CDKN2B-AS1,ENSG00000240498
IDH1,ENSG00000138413
PTPN11,ENSG00000179295
BPTF,ENSG00000171634
DNAJB4,ENSG00000162616
GNAS,ENSG00000087460
BRCA2,ENSG00000139618
U2AF1,ENSG00000160201
CHRNA3,ENSG00000080644
FBXW7,ENSG00000109670
SMAD4,ENSG00000141646
CHRNA5,ENSG00000169684
CDK4,ENSG00000135446
NRG1,ENSG00000157168
GPI,ENSG00000105220
CDKN2A,ENSG00000147889
NFE2L2,ENSG00000116044
H1-10,ENSG00000184897
IGF2R,ENSG00000197081
GJB2,ENSG00000165474
MRE11,ENSG00000020922
FOXP1,ENSG00000114861
CDH1,ENSG00000039068
CADM1,ENSG00000182985
TIMM8A,ENSG00000126953
GRWD1,ENSG00000105447
AURKC,ENSG00000105146
CAPG,ENSG00000042493
RPL13A,ENSG00000142541
STRBP,ENSG00000165209
EIF2B4,ENSG00000115211
MRPL12,ENSG00000262814
CSRP3,ENSG00000129170
TRIM33,ENSG00000197323
MYO18B,ENSG00000133454
SFXN1,ENSG00000164466
XRCC6,ENSG00000196419
ALOX5,ENSG00000012779
CSNK1E,ENSG00000213923
RPL27A,ENSG00000166441
CAMK4,ENSG00000152495
EIF2AK2,ENSG00000055332
KSR2,ENSG00000171435
EIF3E,ENSG00000104408
FBL,ENSG00000105202
HK1,ENSG00000156515
ALB,ENSG00000163631
MRPS5,ENSG00000144029
RPS6KA6,ENSG00000072133
ATP5PD,ENSG00000167863
PPAN,ENSG00000130810
SNORD22,ENSG00000277194
UCK2,ENSG00000143179
IPO4,ENSG00000196497
SATB1,ENSG00000182568
CCT5,ENSG00000150753
GNG11,ENSG00000127920
SLK,ENSG00000065613
PCBD1,ENSG00000166228
H2BC4,ENSG00000180596
APOA1,ENSG00000118137
MAP3K15,ENSG00000180815
SRM,ENSG00000116649
PABPC4,ENSG00000090621
HK2,ENSG00000159399
VAV1,ENSG00000141968
LMNB1,ENSG00000113368
IRAK1,ENSG00000184216
SCYL2,ENSG00000136021
AATK,ENSG00000181409
RPL10A,ENSG00000198755
AHCY,ENSG00000101444
HSD17B10,ENSG00000072506
BZW2,ENSG00000136261
ALDH18A1,ENSG00000059573
MSH6,ENSG00000116062
IMPDH2,ENSG00000178035
PAK5,ENSG00000101349
PPP3CA,ENSG00000138814
EIF2AK1,ENSG00000086232
GNPNAT1,ENSG00000100522
RRM1,ENSG00000167325
TRPM6,ENSG00000119121
SUCLG2,ENSG00000172340
GAR1,ENSG00000109534
SLC19A1,ENSG00000173638
NUDT21,ENSG00000167005
NOP58,ENSG00000055044
RCL1,ENSG00000120158
RANGRF,ENSG00000108961
SNRPG,ENSG00000143977
PSKH2,ENSG00000147613
GART,ENSG00000159131
FKBP11,ENSG00000134285
TF,ENSG00000091513
PIGN,ENSG00000197563
DOT1L,ENSG00000104885
ANP32A,ENSG00000140350
SRR,ENSG00000167720
IPO5,ENSG00000065150
ALOX12B,ENSG00000179477
ACSL4,ENSG00000068366
LATS1,ENSG00000131023
IRAK2,ENSG00000134070
MSH3,ENSG00000113318
ALDOA,ENSG00000149925
NEK1,ENSG00000137601
NPM3,ENSG00000107833
TOMM40,ENSG00000130204
SMARCC1,ENSG00000173473
SGK2,ENSG00000101049
INSRR,ENSG00000027644
POLR1D,ENSG00000186184
RRS1,ENSG00000179041
EIF2B5,ENSG00000145191
NOP56,ENSG00000101361
TIMM10,ENSG00000134809
MOS,ENSG00000172680
GUCY2F,ENSG00000101890
EIF2B1,ENSG00000111361
HMGB2,ENSG00000164104
SLC4A7,ENSG00000033867
PLK2,ENSG00000145632
STK39,ENSG00000198648
TAOK3,ENSG00000135090
NPM1,ENSG00000181163
RPS6KC1,ENSG00000136643
SLC15A2,ENSG00000163406
SLC4A4,ENSG00000080493
TAF1L,ENSG00000122728
TNK1,ENSG00000174292
RFC4,ENSG00000163918
MS4A1,ENSG00000156738
MNX1-AS1,ENSG00000243479
TK1,ENSG00000167900
FASN,ENSG00000169710
PSAT1,ENSG00000135069
FASTK,ENSG00000164896
LMNA,ENSG00000160789
ARG1,ENSG00000118520
NTRK3,ENSG00000140538
NAA10,ENSG00000102030
PRKD2,ENSG00000105287
RRM2,ENSG00000171848
GOLM1,ENSG00000135052
PRKDC,ENSG00000253729
KCNJ4,ENSG00000168135
KLF5,ENSG00000102554
TTN,ENSG00000155657
DDR2,ENSG00000162733
EP300,ENSG00000100393
FLT1,ENSG00000102755
HNRNPA1,ENSG00000135486
HELLS,ENSG00000119969
JUNB,ENSG00000171223
CMTR2,ENSG00000180917
EPHA8,ENSG00000070886
ULK1,ENSG00000177169
KPNA2,ENSG00000182481
ERN1,ENSG00000178607
ERP29,ENSG00000089248
TPI1,ENSG00000111669
ARHGAP35,ENSG00000160007
NCL,ENSG00000115053
NTRK2,ENSG00000148053
RASA1,ENSG00000145715
CYP2A13,ENSG00000197838
LDHA,ENSG00000134333
XPC,ENSG00000154767
GAPDH,ENSG00000111640
TNK2,ENSG00000061938
ATR,ENSG00000175054
ANXA5,ENSG00000164111
TNFSF10,ENSG00000121858
TOP2A,ENSG00000131747
APOBEC3B,ENSG00000179750
EPHA3,ENSG00000044524
CREBBP,ENSG00000005339
CDKN2B,ENSG00000147883
SOD2,ENSG00000112096
SHMT1,ENSG00000176974
RPSA,ENSG00000168028
ANXA1,ENSG00000135046
LATS2,ENSG00000150457
HSPB1,ENSG00000106211
AQP4,ENSG00000171885
MLH1,ENSG00000076242
RPL36A,ENSG00000241343
FGFR4,ENSG00000160867
SFTPC,ENSG00000168484
WNK1,ENSG00000060237
FOXO3,ENSG00000118689
ENO1,ENSG00000074800
APEX1,ENSG00000100823
KDR,ENSG00000128052
XRCC5,ENSG00000079246
SOX2,ENSG00000181449
SFN,ENSG00000175793
MAPK14,ENSG00000112062
OGG1,ENSG00000114026
TP53,ENSG00000141510
ERCC1,ENSG00000012061
ATM,ENSG00000149311
TYMS,ENSG00000176890
AKT1,ENSG00000142208
AHR,ENSG00000106546
EML4,ENSG00000143924
KEAP1,ENSG00000079999
TTF1,ENSG00000125482
EPHA5,ENSG00000145242
APC,ENSG00000134982
ARAF,ENSG00000078061
SOS1,ENSG00000115904
BAP1,ENSG00000163930
NRAS,ENSG00000213281
RAF1,ENSG00000132155
FGFR2,ENSG00000066468
CLPTM1L,ENSG00000049656
MYC,ENSG00000136997
ERBB2,ENSG00000141736
HRAS,ENSG00000174775
TP63,ENSG00000073282
PIK3CA,ENSG00000121879
CTNNB1,ENSG00000168036
FGFR3,ENSG00000068078
MAP2K1,ENSG00000169032
ALK,ENSG00000171094
KRAS,ENSG00000133703
BRAF,ENSG00000157764
ROS1,ENSG00000047936
STK11,ENSG00000118046
EGFR,ENSG00000146648
